{"epoch": [1, 2, 3, 4, 5], "train_loss": [0.022146918939766648, 0.009581352545579604, 0.006038824745325452, 0.004781280651694348, 0.0038470446363270423], "val_loss": [0.01499055390158901, 0.014854405041842256, 0.014076588353782426, 0.0139867115940433, 0.01431130542041501]}