{"epoch": [1, 2, 3, 4, 5], "train_loss": [0.044957487189695854, 0.020875188435450935, 0.014648288020321499, 0.011087181485327315, 0.008705024342899296], "val_loss": [0.02028305104468018, 0.015582690479641314, 0.014772023326077032, 0.013864573094178923, 0.013718414220784325]}