{"epoch": [1, 2, 3, 4, 5], "train_loss": [0.04495203114078142, 0.022332065251909873, 0.016650920976261217, 0.013059371420420891, 0.010745010594855407], "val_loss": [0.019687946111662313, 0.015744286152767017, 0.014973824223852716, 0.014506166471983306, 0.014833990028273547]}