{"epoch": [1, 2, 3, 4, 5], "train_loss": [0.039701223084308984, 0.02186995938762807, 0.01629623524124988, 0.01398224445269876, 0.01230962712412473], "val_loss": [0.02059437811258249, 0.017556682290160098, 0.017167182802950265, 0.016956884204410015, 0.018191651289816944]}