{"epoch": [1, 2, 3, 4, 5], "train_loss": [0.3365883934427022, 0.09544321080315704, 0.07168408483555463, 0.060023835471500295, 0.052101624082804714], "val_loss": [0.06541453794343396, 0.0392106054816395, 0.03513542537693866, 0.029120578162837772, 0.034400172013556586]}